"time: 9000.0, num_collisions: 50, num_errors: 0"
"x_m, y_m"
0.0,0.0
0.2973219630086327,-0.22852874064042694
0.6065557806272044,-0.462523685267912
0.9130394332605429,-0.6916063872115795
1.1995055455347248,-0.9321344230192856
1.5291132951530197,-1.1622099378157214
1.8320262220270613,-1.4047705806171238
2.126952545989427,-1.6208001778295815
2.4202212432841046,-1.8544484878170315
2.7404611853449157,-2.113702561024392
3.0644715228860635,-2.3401031193710136
3.376389724143539,-2.5397422515672066
3.629986635351237,-2.7745758393341484
3.9401425128878813,-3.0265353257193532
4.26759471655884,-3.2285470380097285
4.565095103814627,-3.4550916834854384
4.890870904281065,-3.7307783989888756
5.223679113988183,-3.9288552015839815
5.486984687925165,-4.181496238731205
5.821045663507722,-4.414762944434076
6.032468596468908,-4.618771973952514
6.393201309217083,-4.895460096491111
6.663735700181775,-5.113035026848353
7.080895870663699,-5.408688322557517
7.272246067033367,-5.537596981200757
7.590732232029653,-5.7874143844676516
7.856028473444576,-5.9948355857388185
8.192596793755778,-6.3395528352331745
8.575960161152375,-6.461974046527441
8.750117122678088,-6.706657984259726
9.155579204356311,-6.863257546461052
9.341874440830383,-7.193086667956504
9.757225906712103,-7.389643236224281
10.004750750227771,-7.60368042076832
10.393557542258401,-7.839766980096605
10.638852991064006,-8.128336584780929
11.035044068072573,-8.313042430849777
11.357642655095075,-8.681134786250086
11.540069972064256,-8.843267118253422
11.800032074569405,-9.09274770161084
12.2350049422049,-9.310192419618483
12.35767673591898,-9.447077991712689
12.719122668578951,-9.752554835484686
13.049116553939498,-10.008038647847343
13.343028928764204,-10.199307303787942
13.665110086644729,-10.477711176642059
13.93673897645476,-10.591486925743036
14.198370929066222,-10.896153302818496
14.58256712370646,-11.186405643175574
14.955085834414731,-11.35724907950601
15.177858453976501,-11.560452664933623
15.503143631670486,-11.83238985975401
15.905710897563246,-12.023439778475788
16.099109470597764,-12.256095784885739
16.52438015008401,-12.483462357405799
16.662206692878954,-12.737700662460465
17.098112234564027,-12.848041596171749
17.276579274939884,-13.243904092173564
17.665396631168424,-13.390656504226426
17.79182759496426,-13.464357615295622
18.250658158810374,-13.999595399771103
18.56297983778732,-14.023524087384825
18.885031880553978,-14.468723353037795
19.232382472783012,-14.652660451065815
19.533749009798505,-14.945029336514006
19.834439691192255,-15.122085140836273
20.248729318511046,-15.260476799479425
20.216772170325722,-15.515144172594972
20.72689747346674,-15.616353030504786
21.17949404595562,-16.15901129161963
21.338564425997447,-16.078428582608773
21.742790681465404,-16.28296507062872
21.753183443103584,-16.58934189087445
22.349941501482654,-16.74449935127108
22.44106021194239,-17.171435106767714
23.056425180142934,-17.358369829347833
22.994842419988696,-17.64815543354996
23.43560484679432,-17.616129072032813
23.867432618162617,-18.051327459265398
23.90447454846769,-18.276218500336288
24.39706476827147,-18.602591011499374
24.64113648565165,-18.61387779383811
24.854945951959028,-19.089276324657632
25.41861945784885,-19.195763399000572
25.587798199132646,-19.44774770693938
25.63947677103585,-19.886568906115983
25.83630441059246,-20.11645047753656
26.088500240365395,-20.376000363754933
26.49987024025865,-20.272906635651324
27.070511807618015,-20.626069096778686
27.43367784926051,-21.006681680151956
27.421970143185714,-21.13681520966341
27.867429199415266,-21.366591416225365
28.309740581634532,-21.6900271105716
28.281133922170394,-21.72478156427368
29.320130117051075,-22.215824481215908
28.997942470608795,-22.270901992402777
29.70192724711259,-22.471177723300087
29.824493382008935,-22.87450113686111
30.13079506664088,-23.072328649767577
30.382666360813012,-22.96625035342558
30.589374531220322,-23.36300034826864
31.216484818475177,-23.99457282395753
31.664509350967535,-24.00358877632155
31.614221766412562,-24.226477762617858
32.10530520965196,-24.41807688175086
32.252102047829105,-24.152225408577312
32.572547943743245,-24.821173904598478
32.78612807149061,-25.123806494388482
33.20137641043315,-25.262170515927114
33.27838688857543,-25.62262443266537
33.611109925241585,-25.709433270440638
33.83892386238222,-25.981472286592826
34.3254500441309,-26.177015094350523
34.29793300826438,-26.217570110232202
34.92921385642306,-26.711652865363956
34.904423076631275,-27.0018064156118
35.37352999961082,-27.100139771988164
35.87246330971646,-27.46351153975631
36.254542535927285,-27.275391857442614
36.77387842629337,-27.915309304277915
36.633165781648614,-27.945793579608928
37.22945857496572,-28.071079534411435
37.77998410644934,-28.552153276081054
38.12427927070609,-28.406061517596292
38.52958444651497,-28.715069650935643
38.83711706369126,-28.55430468629706
38.68554397430913,-28.85291881308388
39.28753370222263,-29.149557370828976
39.704634380473536,-28.98963177788305
39.79437344300617,-29.379539409943543
40.273706241340754,-29.237048176446216
40.088266704881576,-29.21726949118746
40.93211118009707,-28.857200059317947
41.07030454607717,-28.52787727153758
40.998933195791736,-28.117186755918933
41.02860785222272,-27.5338191274995
41.03241683407283,-27.53546231680305
40.82161532810161,-26.894668180319027
40.70715991965698,-26.641738328114144
40.62707381848664,-26.405688406393914
40.46796939113432,-25.992052711036543
40.48295312798897,-25.542300088026895
40.59688823501097,-25.367131609474484
40.32223210169232,-24.795245646529366
39.97609436855285,-24.517860787992916
39.940061270911656,-23.955470910036105
39.58376804848288,-24.03243386062978
39.88256201710223,-23.330359150281197
39.64635335418024,-22.908346796161037
39.430718338040535,-22.819478424843055
39.0744645807927,-22.563545895081575
38.825542873697444,-22.351331511257026
39.38567272022096,-21.79665879637706
38.837122642024504,-21.23385009804998
39.116755913963516,-20.728343210297425
38.32751918295868,-20.5227376706205
38.319501397369905,-20.109146373347514
38.356083728821766,-19.80445103293372
38.074389293441754,-19.52255400809697
38.469462710352325,-18.989150012674124
37.9345945324695,-18.676899172599235
37.770499772035365,-18.299268184923715
37.4795695644331,-18.082188594813267
37.54149672231195,-17.761063858835655
37.492438973027205,-17.322698039442333
37.27865254612541,-16.905280812331004
36.94821332507907,-16.614662019655768
37.28051685263101,-16.28547858926111
37.31549357212187,-15.91546250045277
36.70013985655176,-15.393674291692415
37.12090619718645,-14.96320980852506
37.048155866326056,-14.672075099561196
36.75081156160018,-14.387271620780052
36.93769565167259,-13.98881288885486
36.88294806278042,-13.505242935020979
37.04447513128794,-13.134861803389336
37.22021529400837,-13.007422356043147
36.734871837031086,-12.369118171809308
37.42117332762858,-11.948427829823565
36.94248291587991,-11.746279618512487
37.226895005967535,-11.370968768756967
38.01878991384293,-10.879361779325965
38.02345140853835,-10.541211441668185
37.79702079779642,-10.269507282609398
38.05161958340613,-9.900694029269514
38.35516728677868,-9.60308989692815
38.73828251558998,-9.292685976914472
38.522032050065285,-8.95327637983946
38.869162780922146,-8.708011569328734
38.85970895166352,-8.367001036917731
39.2877653289291,-8.124224378332633
39.38553288068735,-7.871763811632845
39.35255703341271,-7.6751943863546375
40.3299041311134,-7.407053645566888
40.486601818261086,-7.111837228212783
41.1712822849873,-6.937835307140452
41.71289015331299,-6.789833484410315
41.411436752996444,-6.504784312875227
41.574046826524615,-6.345765786097681
42.114329870544665,-6.1033364484366155
42.77177525385941,-5.9071063586572325
42.57949641120189,-5.732024390770035
42.558638453433694,-5.522555808795561
43.75475540180883,-5.310216778316696
43.30992053165837,-5.125906175755227
43.80119704454089,-4.911780682108821
44.752489201600966,-4.677330915697354
44.818006553488225,-4.493170839540048
44.98099928175074,-4.303626712350967
45.63227387120148,-4.074985210206925
45.869539725979,-3.892596347492584
46.265938719618234,-3.653354498460968
46.14675532481551,-3.4675552374019487
47.015562085447975,-3.284792986018345
46.74428919114693,-3.0652673107532684
47.158358835634864,-2.86688808635508
47.27758657590413,-2.6902737093735265
47.9427162475325,-2.4473347196060957
48.23909378411158,-2.2643995062861113
48.62234004397569,-2.080463738340353
49.188546708533394,-1.8847480955081948
49.20609763110208,-1.6727695154802864
49.956850294432094,-1.4615412795190448
49.69412147772123,-1.25434867555297
49.9673750695149,-1.066273228933072
50.298170683750214,-0.8536642345439911
50.95676809504028,-0.6376123047342699
51.430604996503405,-0.4384490860377592
51.543551454668716,-0.225610427431552
51.822559088004205,-0.009529647672043196
52.303994900645705,0.21214641377047008
52.96893506412173,0.4614032870484946
52.68251508172225,0.7185097901908257
53.54424236391912,1.013800922790984
53.57878136624991,1.3041501958059143
53.58438004620844,1.6245440240091966
53.73559834242092,1.9719706710412868
53.85736086275454,2.2752497257902915
53.86098322937596,2.6592809887174496
53.876359422080434,2.9809871118230524
54.405288497959404,3.346613192830803
54.48466337978934,3.6590425912994426
54.322255705530615,4.014052570588559
54.53115915134267,4.381235892915035
55.504587568349166,4.719070036137619
54.96397889893901,5.114493308286928
55.579265333315185,5.420489176148145
55.29220916573762,5.815878286758454
55.32906603963248,6.1729518143882975
55.78518377150682,6.564661469374474
55.60316271922699,6.798884089980648
56.49806546468924,7.211034940393025
56.112172664446966,7.460962991849949
56.43942089698766,7.7096901162873275
56.9811172955409,8.017024892085626
56.940316431773816,8.230716835295219
57.176636069423374,8.42988529038982
57.66327909374288,8.66053266777843
58.264487038476844,8.698518469577092
59.118331270347305,8.856123694949465
58.589650893818636,9.041769075442732
58.91262621679961,9.117494726675476
59.6737125853651,9.288331074034788
60.27170778959606,9.321925842999214
59.82077618494869,9.65050174016397
60.71312832531748,9.806501605154311
60.8088656641769,9.818535430657827
61.760371197781964,10.199436400678303
61.77164726086755,10.50674854855774
62.43433882956809,10.766364765278865
61.76620818160284,10.855269563666411
62.25376821946317,11.30701566262047
62.91699806085026,11.569789960082664
62.88402700245779,11.870263369650475
63.01401484660957,12.182411693213943
62.529734694128486,12.572221105235313
62.39336340115364,12.970124026821484
63.02145601862422,13.323580970242743
63.65642891814604,13.835510656304296
63.33213122772218,14.186545414352889
62.862507483169445,14.336955779591426
62.73628948171335,14.968249930828435
63.464386811791904,15.215693300455609
62.98290143214078,15.537509072601358
63.165712622971384,16.02282330796805
63.42995181002916,16.22611035539607
63.18944487011911,16.5903444640287
63.722316935586925,17.010939957938536
63.917862154551095,17.590142885416093
64.31565996220323,17.838200332956625
63.44267251878004,18.12411368442892
64.84003065856926,18.295313010239273
64.87093582382448,18.888454364679227
65.28268145441757,19.13651276345209
65.07092858717313,19.244183710740657
65.78505709626582,19.642368118208857
66.32896483116544,19.886755078246566
65.6274726580181,20.444862181843156
66.36112805742296,20.73964697041678
66.09930733013616,20.74935135030792
66.38630091988684,21.00015174722636
66.81668733527474,21.29770110656641
67.32822765053895,21.535205599657584
68.3191145837995,21.520662135728987
68.07311597125894,22.22387042528011
68.10586967952442,21.82886922371765
69.19367014789886,22.084119126339427
69.0373465125834,22.36740637556128
69.65811469590952,22.60495090756267
69.58255502002861,22.829215320059546
70.4356505151223,22.544400795818888
70.38242374578323,23.06544631157331
71.17977503775045,22.968526029358813
70.49566020982918,22.873330333953728
71.64679862599607,22.868502467520244
72.10317320002642,23.35508906988192
71.9096840948995,23.335434900659386
72.77788768391244,23.259748120056788
73.0867719797223,23.212260230775538
72.89058422057917,23.12084392210778
74.19830245366443,23.023046777682435
73.61154160625128,22.970839483974544
74.37817641183975,22.57057331029631
75.28984390327436,22.504861700092594
75.3537578942691,22.48084809837005
75.15642604118868,22.19323048856103
75.94114839031027,21.98916871581583
76.61921427989049,21.818976088968743
75.86263814334424,21.541290688062777
76.53583889079349,21.65705343988544
78.22119602056446,21.510932825361447
76.63446957658269,21.34321547581568
77.6009140067294,21.15966476378546
77.62540915404945,21.040020204536212
77.07412338369245,21.091059913069458
78.64561884738185,20.522277488256123
79.3786003414769,20.668947131177124
78.7697241468514,20.34018754872562
79.67605014353872,20.194401987936672
79.82544495506886,20.06237673132345
81.28139567449881,19.97305486799382
81.55215135794899,19.857761253181504
82.23715897232972,19.700420757851973
81.23093761264217,19.607297359003404
82.94121047910659,19.566577281841813
83.41454406235896,19.674053398562037
82.89692265314531,19.62483464275076
83.3327838071918,19.991978558384105
84.18796222501166,20.34476194409112
83.85198345989474,20.235274250167215
84.30067205674943,20.46682123968436
83.60965636990264,20.483436079495295
85.05338482886182,20.72243778132148
83.97956908614522,21.257879178109587
84.99052306394469,21.507013286920415
85.6608313282608,21.794724111822738
85.5177786923488,22.087767694756373
86.490148943642,22.262186945753623
86.441676941958,22.683901304065884
86.9908499935238,22.844167136493873
86.48487665230408,23.12162328599788
87.74191558448808,23.13950294506436
87.90827609247995,23.48995619656221
87.81618529331479,23.7943220641588
87.6840755489317,24.016301888915894
88.31582044710481,24.446155676244487
89.06108943199077,25.130277375569708
89.21062383584565,25.201074328613306
89.10465494146742,25.124420721959385
89.59004018045894,25.46553780490507
89.29512241303902,26.25454000318564
90.59783672641308,26.178139846790184
89.45701297391632,26.46053206100839
89.95662554052987,26.83083990181491
89.83500178946882,26.78607969520204
90.64052248503036,26.83709502505919
91.08155815075195,27.019330789596772
91.90808900013927,27.17030590576977
92.52897696502538,26.97149969133331
93.00020442338413,27.02071628414544
92.3601135356113,27.069026262122826
93.32301356071108,26.820838429665606
93.4305069793626,27.023162491371874
94.09129207360861,26.69161987266786
95.1986847398067,26.869248209238794
94.16792746739722,26.468093738982994
94.35837423005414,26.056616357826606
96.60367720962414,26.239620568291325
95.37751244142824,25.8933137459751
95.72869505238857,25.641990985118696
97.15307238887254,25.280263792390237
95.30634391319215,24.957445021772717
96.612773027039,24.53845003364177
97.36061071996927,24.379514692948757
96.6293991450283,23.895972932585554
97.44397881574959,23.550492418135573
97.64694240829388,23.488888526996533
97.54035823925351,23.711753688785894
97.65062250817697,23.5542096098972
98.20061959560267,23.40587072265483
99.3522145210725,23.31439942065185
99.41636754747019,23.469836756165776
99.85313206093103,23.454451329267847
101.34094879201672,23.675673845898142
100.33467213630117,23.822484509650973
100.98250788733789,23.687761190002885
100.73072302318944,23.89170874491382
100.97430562871641,23.882666054660238
101.65799701432894,24.324819278010466
102.01847959078395,24.202245787419233
103.02804051379032,24.29333033306428
103.78499775604729,24.624687129988423
103.35054439547531,24.386075421359358
103.29324142676094,24.7527505134861
105.6563978149326,24.743417518141246
105.38723214283053,24.667765983654874
104.94528498323103,24.723199808596565
106.02244177190045,24.67871306748829
106.38434156240177,24.97711237709773
105.80408336535244,24.9825090232537
106.89404272958217,25.239293652146927
107.89536468156177,25.3638181352926
107.85445482494427,25.243998714956387
107.04395851643847,25.16773809374434
108.28117906509473,25.427391727150994
109.22526766203852,25.47313433322223
108.9818775526087,25.682844210333357
107.86075628184405,25.72646849552187
110.3034979623957,25.85546761409958
109.10967199239087,25.85258819023478
110.62810911424098,25.96835460978543
109.54521974469579,26.0806559646987
111.42513383382389,26.08054593591362
112.0998836825871,26.12206230870528
111.23257719039063,26.409321898135044
112.4146652769473,26.46642709338774
112.61304111341981,26.4084136548216
113.42526817716406,26.79732201461539
113.52516756563097,27.052794259488337
113.0020930898706,27.133738959663322
112.8157944061691,27.528852420254672
113.10828653442967,27.995854303299346
113.94106847115569,28.27031885234928
114.81149823169613,28.496630738288765
114.9240805117347,28.85598188827752
113.08878919578872,28.94404469496318
114.55244482819342,29.514160755330753
115.19072178207492,29.572531370277236
116.0593987607123,30.2578785527172
115.38368371349024,30.333737629610454
115.74635138126204,30.409750794559322
116.32742290244084,30.73130675318162
116.79676392772949,31.356054847799438
114.55155290133042,31.421841658707226
117.00975394843056,31.982477741976403
117.9012869527593,32.0485853873666
118.63458626199919,32.216443411243695
118.16459643192292,32.75177378837447
118.83918942298988,32.685811068986894
118.2067451846559,33.28939029425839
117.95589575154052,33.428242813705154
117.99958482319877,33.860144054808266
118.65816531745928,34.107269925517286
118.83152026914885,34.25872004334683
120.23044699867658,34.7952523371774
118.43773467787233,35.26641645410541
118.8864170842029,35.30689906549715
119.9015921446983,35.35841358370669
120.4803634310416,35.64878356109938
120.47371261818495,36.39089666542398
120.87310876113774,36.61697108408654
120.8844369810501,36.831980381185495
121.35181383113816,36.62838789892744
123.05031775986609,37.71374171492121
120.77778437188695,37.56931932889452
122.7252967021169,37.64792836258031
122.75539113272454,38.26893241548809
122.53843804950479,38.62244875857448
123.13398426014966,39.138357641809364
121.1007202264469,39.231224934998316
123.2754115545216,39.34141280452409
123.07680106083524,39.451560539926604
123.30654110496901,40.179949969987646
124.408652090106,40.62574264107666
124.15352208250518,40.845459782095176
123.39480040316637,41.029664891115985
124.67151026683501,41.31587148788543
125.45005123882851,41.8475453147865
124.09420829657063,42.37122677496414
123.82695505523212,42.034132469433814
125.40424743606769,42.23988810422485
126.67371546923728,42.92874591363032
126.97775243778494,43.056553415290466
126.10435267957452,43.016526090396795
124.14754650894766,43.845995425379215
126.96831921440236,44.24808765234672
127.12639058971821,43.79584535117199
127.06616778954654,44.40696768362506
127.14643095899011,44.243373110977636
127.58796352067246,45.48255498564918
127.89935073976213,45.83116015328672
128.25764903294254,45.87921792065784
128.20786555611357,45.678971889775646
128.26087581800016,46.17375408677138
129.31319615685007,46.4315244346392
129.58858495175303,46.948773007292765
128.17966014125392,47.08855168268335
129.95322987029468,47.340797171502565
128.44930903751015,48.3274804651522
128.7525594889531,48.27851171264473
130.54234556562267,48.61797512425323
130.00005545962347,48.61815183335513
130.37085961866998,48.867290524822614
131.98615605443916,49.030617849164166
130.5522331212319,49.83009688148813
131.21255250769715,50.23022541296876
131.62338908516747,50.639988111009096
130.3353047816275,50.66610844664293
130.55463212891138,50.97350557866954
130.00800080527378,51.40891915508971
129.52405713888928,51.35517494620749
130.22556819994293,50.9734498112506
129.9021025402393,50.66132438056149
129.3813651136488,51.01382687267632
127.08520002789808,50.902756502973745
128.1880607555279,51.51705627169411
128.2847372819912,50.76514306586215
126.26778113674878,50.55777312409594
127.38189602312636,50.23392141725654
126.88851546904405,50.57846413158295
125.51371689640341,50.194117496636046
125.88897093865711,50.446233621597294
124.4872654193109,50.34225300279468
125.13605425633585,49.904355267542805
125.12805475083415,49.52155804155067
124.77311710728627,49.69472454430224
124.44763983268986,49.657591818311296
124.46814263529967,49.01572033738567
123.37035929748652,49.806310577033116
122.01144436012359,49.3186157345251
122.45881536284627,49.20719446033465
120.73555225560774,48.94060664422251
123.44323664353088,48.94752753288491
121.9044214672432,48.91075820894477
121.33976882405429,49.08726497148525
121.05353491933063,48.04807305671668
120.64975910822754,48.47652545417664
119.92038013269652,47.850519303080944
119.71940575330319,48.31441184917679
120.04755564472042,48.08833996679777
120.00471646065543,47.599948018710364
118.10003717574008,48.817112898599326
117.34098374384503,47.644735209532875
117.01080634299088,47.72568743533585
116.9699662629209,47.78776775347588
117.27719698534962,46.88142522935195
115.66519247442875,47.198714892419225
116.84521424450696,47.166490176450104
114.75291141802614,46.54072582029119
114.6104565346568,47.417883445074345
114.96737089159605,46.622711824372026
114.31327877232783,46.470769155834
114.94427903270785,46.1284816116931
115.2361140947871,45.92257727196544
114.66992104939247,46.12842029177865
113.20172431723677,46.240839901790004
114.23641580156692,46.18638206333783
113.1315802170073,46.2276365805806
112.31624632152321,45.75625835633029
111.77764963124508,45.559922238436585
110.66216134503584,45.46625055129962
111.46222028400042,45.61042327230419
111.42181848698323,45.75851292734812
110.55899680120476,45.03085297151719
110.56636395831646,45.453835634550224
110.8056073641832,44.66357596223412
109.14771925996108,44.98850386555062
109.28980284648003,44.81182268589422
108.80286170133526,44.9440671371982
107.87440634082553,44.57029614240299
108.06781233140289,44.90204981092966
106.97534402890616,44.34415812130101
108.02297387365633,44.94255677166303
105.87370611985152,44.173979489943754
107.65620461718136,43.86257121735862
105.65255840978897,44.2405692925275
105.60942191788526,44.21528508188201
105.33075213490923,43.86685919003693
103.86743197549406,43.59133935441193
103.6770531451651,44.065843343671496
104.45273416059368,43.856813002013425
104.78939490577635,43.801279184186264
103.77282722734037,42.964918629061636
102.67650297888943,43.416916598648136
102.0831300858919,42.82002713502317
101.9685694094415,43.19117717183043
102.54741369613278,43.41102349712695
101.85167374941186,43.05265667677254
102.31917093805062,43.039572373868715
101.88356928809709,43.209932746426375
101.53040573174115,42.50261484770174
100.39207615749314,42.73874801633102
100.3451008790808,42.46660809946788
99.43705777436251,42.464379995056404
99.03197947347458,42.00561646070515
99.91106666990186,42.0215635288084
96.95755957667255,42.299554560767575
97.74210152276967,41.812819085091085
96.80597901993626,42.094824559499735
96.6695593708321,41.50915219316859
97.3042908879137,41.554326473650164
96.57855962364917,41.58767540730596
96.18356674841523,41.45327622710639
95.65708583258524,41.15712112842613
95.6501913117604,41.32345373991485
94.58755561079178,41.3499246758174
94.94111464529769,41.60324706257624
95.03560287891469,41.32559118775842
94.74310280151369,41.01296518674267
94.56336218397216,40.39261701500656
93.61048296583634,41.16867016234379
93.1503492590018,40.96390487388132
91.69895026192039,41.03235623677349
91.31814042424217,40.61913906893297
90.70995417388822,40.53409645764031
91.75336391101294,40.69137821027941
91.40111474938644,40.37291418414758
91.33673888809136,40.16000997229626
89.70267197052148,40.30012874555904
89.92162428977082,40.04184444000668
89.38511194616113,40.052979767823395
89.78950421722956,40.31235727641969
88.61029371388588,39.84045059933156
88.6823296143911,39.97740649326829
87.66502473173973,39.91660303259652
87.76024989413021,39.71827498738739
86.19102295317039,39.69985824524331
86.28873123795617,39.8615855290393
87.02868891246946,39.349064274530186
85.43739348752149,39.19729055182273
86.38739808673137,39.26249057353174
84.71948635518025,39.23097893609443
85.02898958328103,38.98772510566873
84.69361491718367,38.817499858340966
83.74940196442927,39.09537338111108
82.98522962473707,38.731309238980394
83.4583152081125,38.757288263334395
83.78013428827559,38.66407003433622
82.87862346867014,38.563876745063006
82.65146466779103,38.13058085005231
82.78896263888343,38.45116280670922
81.86967837007221,38.312779548396584
81.84417933039309,38.456982795956314
79.9931979077462,38.187338491914076
80.8524904843215,37.85483110104364
80.2952839418271,38.189662838485624
79.0324725070982,37.888892110391794
78.49332287859384,37.63275142222916
79.44061917150938,37.715670580869784
77.94134607345102,37.37983452019627
78.98129054226779,37.5452487731238
77.8887657181512,37.97452309096753
76.98609140684928,37.68715607764263
76.64105299511517,37.47607820851072
75.82369870097295,37.78261868164849
76.74860510777316,37.26627474922992
75.51713957714404,36.98439276603029
76.41919295895353,37.132248864608556
75.27090549352214,37.604087363907226
74.9629109403363,37.1529625324732
73.98187095548714,37.35035523717219
74.49243622932909,37.66802197566194
73.52515508996431,36.768754224140736
73.48610138872236,37.00241616990839
72.35186937239592,36.945277075669324
72.67088780401212,36.755116847240416
72.88782190218105,37.052397484880835
72.05964196508998,36.89383078652111
71.03159480056335,36.558542355227054
71.4979269402208,36.373621126783085
69.92730317781641,36.70352690075533
70.3032898403466,36.48986460143994
69.0719494404459,36.4256764766841
69.67288186011343,36.43666409520657
69.52329973718349,36.126755938541706
68.43305571442266,36.21692613727233
68.75795890224981,36.28921423561637
67.93661682102513,36.07608147474831
67.68359387319431,36.22210707831477
67.52102888291981,36.21009603975604
66.28107030434796,35.75111571098064
66.1750141966006,35.53994160286069
65.65810233426208,36.30800988668192
66.17293557020132,36.169322124771305
65.62828131921943,35.66548578338181
64.83454838293903,35.78836329276388
65.20880672517342,35.34785518306771
64.04077424572347,35.64775468041632
63.57551262010381,35.79048112674059
63.140825186839955,35.36393721395975
63.25624917293113,35.83275470576785
62.41190620716535,35.596472735911554
62.325264522177534,35.72739203845992
61.67177508313562,35.04897147879615
61.77220354089738,35.55923739912068
61.34266918146286,35.475836893567
60.82778941578105,35.42068620418613
60.231287642327366,35.483791786299875
60.585696536533106,35.03161284141168
59.8931435308446,34.8308612646823
59.082298809376525,35.37870862061962
59.13723026806831,35.00550799695758
57.83893843487019,34.687414386788696
58.25191796767576,35.18550087444617
57.74867888252618,34.782629208006604
57.66367859618559,34.79762052059379
56.584524331021456,34.867802763397755
56.49226696675502,34.88064122904698
56.041917906055815,34.40531375179413
56.030097103358,34.749873849066375
55.12984759219605,34.55634044087956
55.22976430288389,34.86030257024976
54.698560895373305,34.51772907407257
54.25431634416281,34.661384488087634
53.68400577476205,34.535982093807675
53.697644116241236,34.26775211484459
52.97518505525641,34.30843743745755
52.4258719847351,34.44407781935368
52.00489157815189,34.012744196267874
51.36501236063081,34.156112191934064
51.64344436701227,34.293338313200714
51.24882287620276,34.02433332804472
50.868154583678354,34.03859499490817
50.14044618658995,34.21067882491797
49.844661005265344,34.15488887462184
49.639692792079664,34.097445470148735
49.6923827092921,33.905242090932745
48.89031800087034,33.458799316965894
48.16922725951086,33.96046243244677
47.731987662405366,33.7914968001951
47.77900320362355,33.51868438888331
47.91356916259223,33.28887992161852
47.00014342517633,34.13334270272732
46.525317491391384,33.58292101704891
46.46607117470606,33.506549691798064
45.79967394678817,33.446557044714034
45.60694592722541,32.89016553909089
45.14261073067001,33.48367501969913
44.98931612260671,33.08399278396015
44.407068878661214,33.48820136804685
44.07329995135928,33.704053307816636
43.490765677257144,33.196803618361216
43.06127603425855,33.23245303006766
43.190483623122766,32.8380788048626
42.605538180411706,32.98258407464868
42.662783658401196,32.8595068557826
42.14608120688713,32.53358606809569
41.87567022132571,32.23034281880171
42.04953380226938,31.537852472881166
42.03891248144661,31.02764872317086
42.16570438939996,31.134734113622454
42.19519823442732,30.503067652062146
42.3537634355887,30.683798661815256
42.97529605004861,30.358988505272567
43.24231553323578,29.738882797814725
43.10725299267487,29.30964740277762
44.00145036490246,29.41478530902229
43.782705812587835,28.89807811938043
44.146615169808896,28.538216329849835
44.494895515346066,28.23081976435826
44.40060485582913,27.973355303697662
45.17761812102443,27.66480590361303
44.847959055976915,27.66361317491002
45.638635705878485,27.36216212193631
45.5305253781568,26.884425455269007
45.26936836538693,26.576694002554145
45.673284523053795,26.265690761815662
46.19342447748846,25.89683712090658
46.35846258689162,25.582665602321295
46.6840644869937,25.34312555467607
46.53283019515282,24.92991579636276
46.67524208096682,24.839655821116754
47.05226575090067,24.73604286672494
47.638181083209595,23.820392190035392
47.822549891594534,23.828992483611245
48.17692923871658,23.54863656874065
48.238128305329994,23.262670154960734
48.09724451181365,22.666618432414484
48.45706507755297,22.267589746321907
48.319158937455,22.226486829207882
48.621208855100214,21.91092886385961
49.19831026010018,21.54024026915815
48.976355838356156,21.206244141290952
49.25278311839727,20.7798794394855
50.20479821246137,20.554959944252072
49.8548723275565,20.287889466962845
49.68320525588245,19.858695904679152
49.98810390101723,19.61473336805354
50.589467002799346,19.175592962106325
50.357775422975,18.83804293926763
49.819600293642395,18.41894229540482
50.67836923346466,18.060483843661547
50.1171186361564,17.6177095940718
49.986427864255894,17.468462676833223
49.601352445752745,17.143596523303238
49.57845572621774,17.093064698751746
48.70643034289058,17.16960282881024
48.36432727028891,17.19407426335561
47.88764826158293,17.04827397567731
47.38473390459514,16.987440277869297
47.79496214389675,17.11420765339956
47.21897036099382,17.013845867474213
47.22791645872089,17.247114845665234
46.21788585072251,17.208096113194667
46.09675924795863,17.20543417786517
45.43721797475358,17.11585087573082
45.28347246615955,17.388240035429142
44.249183345515235,17.344635453879306
44.67082303711826,17.422987525907658
44.109147760305525,17.464348771603287
43.70655458417071,17.636729986814323
43.22007803555211,17.890725122128693
43.28070387464083,17.906173753165962
42.74566722715614,18.418586061755523
42.49991893842289,18.72634656711247
42.57726785080447,19.177750464090465
42.13942798259877,19.491351609933755
42.256061079137424,19.770018838603814
41.89643421433314,20.147205790827712
41.488840294371975,20.546920975262505
42.28992474202353,20.90541239327437
41.55162860588303,21.345074206215294
41.79163661939254,21.632638676331844
41.23454810372754,21.721697279402406
40.8843104629982,22.3448254965678
40.871042605336875,22.57940563944697
40.9571255157076,22.717670754926353
40.75228766441786,23.285663564073303
39.98809603255156,23.3003362261322
39.67908970578949,23.69988513657437
39.53534232846531,24.103736683441902
39.18981723697586,24.343565890832053
39.33643929277549,24.57733035807307
38.7196598538143,24.800145718864375
38.32578236838439,25.09106044329627
38.76830266284107,25.357021885696632
38.15945880015763,25.415939332275677
37.559777352653796,25.465484926844926
37.62768190215995,25.86941106706569
36.87810953353999,25.80741734385549
36.69134483219474,25.903182270335634
36.1890321489518,26.201740690411118
35.77144455168118,25.886210454636306
35.90288931998157,26.411888507330254
35.00721155254299,26.234724345754806
34.69730074895502,26.48422547623773
34.48555887948035,26.19295632481009
33.7449926792765,26.130144692155774
33.55348411755798,26.026266536885213
33.23985283615462,25.70924239833625
33.0436598492819,25.494519382688516
32.82375344064365,25.010264206427372
33.2090807989631,24.907013775277893
32.996616828215394,24.30056996444896
33.20415856914485,23.953580013487016
34.085853067469806,23.59553972298663
34.05290530294793,23.50401987683727
33.94259424889171,23.1598020043752
33.838167313434056,22.508606121328313
34.316951416207345,22.236892953291104
34.75791826239355,21.960337996088374
34.84961099220358,21.64016683102519
34.81823249343117,21.279509738663908
35.02951103581094,20.937835380738605
35.38294215773362,20.763048773923366
35.45912091577001,20.42094597812446
35.790194782821516,19.969704595572615
36.165350462343426,19.695995060087146
36.494794510638314,19.576033786320014
36.53291043632452,19.269604383944987
36.80725687288488,18.680698731240785
36.64362933934686,18.34838416488385
37.18776307514879,18.059088805084556
37.1711543853808,17.831262141188542
37.22990074806433,17.31114359211318
37.6531669595877,17.033940948469237
37.82358833023892,16.78291517000367
38.26504547429572,16.582829960598396
37.99968930131096,16.13728993426612
37.828310191331674,15.763118020226713
38.32110091869412,15.58583222113131
38.46712872585553,15.084426674393093
38.801321768367224,14.889269096372779
39.06883114640434,14.273269888741847
39.11516176371186,14.17105855540742
39.7072562476526,13.874755341087113
39.67994104679707,13.438942212253206
40.38607616447473,13.203303699735583
39.75082655533201,12.803978481434596
40.258606595625515,12.467826669396114
40.19233997345555,12.086136831315265
40.18915045937093,11.667214399311604
40.45346468778022,11.336496314046636
40.90754893933902,11.016565152968294
40.83058984885368,10.470487964986777
40.34777193041305,10.096953044771174
40.33541480728883,9.894235658040314
40.71808375496727,9.421780532355045
40.467916973548256,9.13625625580455
39.97138945509125,8.693812160179766
39.56491982961797,8.356811754546891
40.03359172387481,8.02371073834255
39.82553359406418,7.677911359163028
39.957000248947345,7.317825365383113
39.87476070359187,6.865918193086741
39.78068821914393,6.611434992242614
39.00838022141448,6.155207349587574
39.07218034195041,5.840411684885065
38.9968110374115,5.520926715030996
38.785407859370814,5.173898004502363
38.734543871713065,4.849097136660346
38.34429251159678,4.509129237812261
38.1408922809706,4.245673404147985
38.06800182914829,3.9824433352855335
37.19014117809123,3.741357572681339
37.072232031740775,3.5104492843775383
36.91285988397769,3.3439027296771116
36.55681874063664,3.1974535816021312
36.05551991147562,3.062021619107682
35.6427730078776,2.88668938500992
35.402876364736294,2.782590587263874
35.2612975519793,2.6001026052451994
34.93652155645659,2.451433944285846
34.70212122344298,2.298918825762801
34.04813857199097,2.1270700862091765
33.894388868289,1.9250926311854692
33.43965971148823,1.7645917378878426
33.303939468596184,1.5885259250385053
32.64224815609824,1.427063188925758
32.51220827500979,1.2753123435639255
31.983276344177977,1.172961572187039
31.6230254336814,1.0728598686403583
31.521913237571265,1.0042536185344628
31.237410122356177,0.9725812172508609
30.55689923091122,0.9588682344906658
30.186583664004214,0.9865885236334675
29.791064722738607,1.0165562593346062
29.241326257811654,1.0435554741301758
28.833729105220634,1.0750652003441523
28.592194862984396,1.1145595729809743
28.229531035282665,1.16326482850696
28.02609208376928,1.2391032162088476
27.854751654610503,1.3466354368888784
27.277880631072673,1.450838097963512
26.89043470209113,1.5898069850687115
26.65568775334947,1.6844417047320188
26.263800160443942,1.8021929414082107
25.55664967843035,1.943319973528974
25.455238704593757,2.0546006748076064
25.034489178274544,2.2263547526872802
24.64926792899823,2.3603214123108773
24.316660687795014,2.5359699381218728
24.15502420510495,2.74138246230531
23.809861474585027,2.9330692489846832
23.529674683869143,3.1779107814104
23.20303100190506,3.4006467702369227
22.838572647582648,3.6455949309976288
22.409087203998514,3.911456802341076
22.263988182955025,4.219168941131737
22.09122775305431,4.49844482344839
21.76442253894681,4.83468970698711
21.560185901951478,5.122154773029196
21.296053689689984,5.364919318316183
20.94258491887166,5.759457330109124
20.703236413312993,6.088449792064564
20.80502323551173,6.370239947363232
20.46010619376733,6.699926896970209
20.198353043568705,7.048373090643353
20.162776775219747,7.347788617830851
19.843308857273797,7.668421194569913
19.422052768126505,7.859123021404196
19.29999862359937,8.211955332411556
19.223776195195427,8.483417531037226
19.049017954231726,8.840880399783774
18.755706907114426,9.044198274121774
18.6932064421988,9.402900058115023
18.40536517458053,9.744548621157099
17.872993382794697,10.090731682441549
17.832409941180096,10.445765971905715
17.4532255722541,10.656183773107012
17.33405889516239,10.98092732777838
17.0816067368298,11.182441793671174
17.07304495339599,11.65961142316658
16.4520277209971,11.882972514774544
16.414945092448978,12.142670648372636
15.967952445154449,12.479149145213128
15.999649552579918,12.79881635475032
15.625746109541023,13.093989983154874
15.522574072016615,13.507647820127792
15.168070263502917,13.550811143465241
15.077446271492347,14.136411375542378
14.589762202169105,14.327854460490103
14.486634420853104,14.451342340394605
14.367731379417535,14.691436134424867
13.865907713335458,14.951954844209506
13.748921845046947,15.272314073855323
13.45227764093992,15.858453445764582
13.26479418585769,15.8775705528853
12.8160569797178,16.30474647459644
12.446436078607732,16.439369830122434
12.20632251548455,16.438664737575223
11.85475479926728,16.585566223524776
11.322569058942298,16.63594740669196
11.02865894950652,16.719031556870004
10.802372990702992,16.697428336674175
10.343812120898969,16.6863417969944
9.9479750539531,16.444463350281197
9.591005954017168,16.400134006409896
9.283274364436876,16.29219535160207
8.775008577423295,16.21668819066142
8.526782901383054,16.129036454739826
8.181693135540447,15.917083512527572
7.8218157184836095,15.680301829745593
7.473768308549411,15.463747212566666
7.113454159394531,15.38343311193436
6.782244874332823,15.195066182177493
6.398857057176561,15.110026976435336
6.040912140426707,14.96481822379831
5.679243764923868,14.777504314996559
5.366035679825667,14.482791213584692
4.998302012490043,14.412248628299906
4.640767095758575,14.259380716756898
4.395097328628726,13.946105479116579
4.031983593368537,13.905015037492339
3.6419968361856654,13.71300120362164
3.313875564178337,13.507134983442214
2.923927575514169,13.47936659957629
2.6037696955266467,13.317433234192439
2.2294826051158942,13.047561827206321
1.8850280512471216,13.063238095574585
1.541268899791598,12.865028342424262
1.174007618651035,12.790071394363801
0.8330486915468034,12.488323077317414
0.4875996793579708,12.412213166997027
0.13767313325480882,12.255996525035908
-0.2100538485063647,12.072073613769048
-0.5604983293205669,11.867737253078692
-0.9146347941900494,11.606272850393747
-1.2501395130890276,11.619524966508186
-1.6203773813925493,11.339031873510374
-1.9724316813272185,11.155089881064042
-2.281711056811265,11.131571804329196
-2.6314032490106802,10.8892122526827
-3.0085157554087143,10.727251321027959
-3.303092770889851,10.547270413787363
-3.6931956061473064,10.472428373859323
-4.038179983059085,10.3581538057402
-4.4238168268296665,10.088757544883991
-4.745067090287518,10.025189898710295
-5.039239375514524,9.886130835449366
-5.445303601017521,9.577045983830622
-5.758571153934921,9.452540816044104
-6.150680047721493,9.428739949314414
-6.493768320823634,9.262334056257215
-6.853767325685263,9.163341953118357
-7.125675380427469,8.896409716033789
-7.531558122179852,8.641405075776106
-7.7669360699131795,8.537788689460836
-8.030344840659602,8.183178533747672
-8.339517730720479,7.969714084647994
-8.540008114206108,7.544377559243492
-8.61977685759346,7.245857649458526
-8.598157374245792,6.877830894128124
-8.432468865691215,6.542853033648442
-8.227043265775615,6.263005383552661
-7.909021695432922,6.07659578210533
-7.647416589582945,5.808012087728172
-7.324007177499389,5.568506334735364
-6.926228881562961,5.358566588804081
-6.68272263725666,5.122322276416575
-6.405619816778018,4.873023140273711
-6.035649892582341,4.6500791450704675
-5.735245231022065,4.423905444429005
-5.461115402819358,4.173674262247347
-5.1832186899088635,3.9448588100709485
-4.8407116486144925,3.692756449244376
-4.551608983316086,3.464832353048519
-4.270029422290735,3.2730537217319986
-3.946794563655231,3.00661313783732
-3.635269889675657,2.7709228381210735
-3.3469143428092774,2.5439916319488955
-3.041267088211746,2.311563756789701
-2.7335291944051923,2.0980326075365467
-2.430412445901958,1.856098233058326
-2.1134497829266023,1.618934729235902
-1.8374150800914084,1.377606884584108
-1.5355793721259814,1.167373283581733
-1.2167167593485002,0.9322349311622843
-0.9103347012603952,0.6999240267457564
-0.5993997291887622,0.4727652861607801
-0.3052154434902081,0.23004610896382732
